sale_id,customer_id,product_id,date,quantity,discount
1,2,P2,2023-12-31 00:00:00.000000,4,0.10368160438904082
2,2,P3,2023-01-01 08:44:41.081081,2,0.03003380016340833
3,92,P4,2023-01-01 17:29:22.162162,2,0.14748675374429712
4,54,P2,2023-01-02 02:14:03.243243,3,0.1024443841625349
5,87,P1,2023-01-02 10:58:44.324324,2,0.13604555584167066
6,96,P4,2023-01-02 19:43:25.405405,2,0.008334580120476854
7,97,P2,2023-01-03 04:28:06.486486,3,0.016958403209160644
8,1,P2,2023-01-03 13:12:47.567567,2,0.14326467761253645
9,19,P1,2023-01-03 21:57:28.648648,2,0.014416867199734673
10,2,P1,2023-01-04 06:42:09.729729,2,0.014251345553051721
11,53,P3,2023-01-04 15:26:50.810810,2,0.0024216950469774902
12,44,P4,2023-01-05 00:11:31.891891,3,0.19130027965989604
13,90,P4,2023-01-05 08:56:12.972972,2,0.14750167189180138
14,32,P3,2023-01-05 17:40:54.054054,2,0.07065028170041283
15,70,P4,2023-01-06 02:25:35.135135,3,0.059307116257531045
16,32,P4,2023-01-06 11:10:16.216216,4,0.06994064594916992
17,68,P4,2023-01-06 19:54:57.297297,1,0.1549307062362364
18,55,P4,2023-01-07 04:39:38.378378,4,0.13227412221408288
19,75,P4,2023-01-07 13:24:19.459459,3,0.03703911357349359
20,56,P1,2023-01-07 22:09:00.540540,1,0.03482186706681687
21,17,P4,2023-01-08 06:53:41.621621,3,0.019679129942679466
22,38,P1,2023-01-08 15:38:22.702702,3,0.13206054394026764
23,24,P4,2023-01-09 00:23:03.783783,2,0.1528745324443472
24,69,P3,2023-01-09 09:07:44.864864,1,0.05300928566500081
25,98,P2,2023-01-09 17:52:25.945945,2,0.004188992206182562
26,70,P1,2023-01-10 02:37:07.027027,1,
27,86,P4,2023-01-10 11:21:48.108108,3,0.19357200696900612
28,11,P3,2023-01-10 20:06:29.189189,3,0.059088955495484055
29,16,P2,2023-01-11 04:51:10.270270,4,0.15384462956762673
30,97,P1,2023-01-11 13:35:51.351351,1,0.12493271377085276
31,73,P2,2023-01-11 22:20:32.432432,2,0.07638792793057919
32,59,P3,2023-01-12 07:05:13.513513,4,0.04113745243911102
33,70,P1,2023-01-12 15:49:54.594594,4,0.024277283631881287
34,80,P2,2023-01-13 00:34:35.675675,4,0.12300259360777333
35,93,P4,2023-01-13 09:19:16.756756,2,0.1549267561275576
36,3,P1,2023-01-13 18:03:57.837837,4,0.12878085070822615
37,20,P2,2023-01-14 02:48:38.918918,2,0.10606042664983167
38,59,P3,2023-01-14 11:33:20.000000,4,0.008390244686327254
39,36,P3,2023-01-14 20:18:01.081081,2,0.19369775551887677
40,19,P1,2023-01-15 05:02:42.162162,3,0.15974283833091493
41,90,P2,2023-01-15 13:47:23.243243,3,0.05856440734019295
42,67,P1,2023-01-15 22:32:04.324324,3,0.19599406587177015
43,19,P1,2023-01-16 07:16:45.405405,3,0.12037631792726443
44,20,P2,2023-01-16 16:01:26.486486,3,0.1164845316414493
45,96,P2,2023-01-17 00:46:07.567567,4,0.14961463588590643
46,71,P4,2023-01-17 09:30:48.648648,4,0.1623539576180275
47,52,P2,2023-01-17 18:15:29.729729,4,0.13129572146630053
48,33,P3,2023-01-18 03:00:10.810810,2,0.025619149273240008
49,40,P1,2023-01-18 11:44:51.891891,2,0.06765350119889968
50,39,P1,2023-01-18 20:29:32.972972,2,0.18561672806520996
51,82,P3,2023-01-19 05:14:14.054054,2,
52,1,P2,2023-01-19 13:58:55.135135,3,0.07443340476750267
53,11,P3,2023-01-19 22:43:36.216216,3,0.0864153765888392
54,92,P3,2023-01-20 07:28:17.297297,3,0.08788099793889044
55,57,P4,2023-01-20 16:12:58.378378,1,0.1225879164989051
56,89,P3,2023-01-21 00:57:39.459459,4,0.18861516754894153
57,50,P1,2023-01-21 09:42:20.540540,2,0.048138542366500996
58,23,P3,2023-01-21 18:27:01.621621,2,0.024300275260183614
59,31,P1,2023-01-22 03:11:42.702702,3,0.03949409797198747
60,94,P1,2023-01-22 11:56:23.783783,2,0.1773849800418539
61,42,P1,2023-01-22 20:41:04.864864,2,0.1291621625310412
62,99,P2,2023-01-23 05:25:45.945945,4,0.05718135784783203
63,7,P4,2023-01-23 14:10:27.027027,3,0.16318938779372347
64,16,P1,2023-01-23 22:55:08.108108,4,0.17227399927268722
65,90,P1,2023-01-24 07:39:49.189189,1,0.1693028677380556
66,60,P2,2023-01-24 16:24:30.270270,1,0.1837853067279109
67,2,P1,2023-01-25 01:09:11.351351,1,0.05044820403467232
68,1,P3,2023-01-25 09:53:52.432432,3,0.15100838574925568
69,48,P3,2023-01-25 18:38:33.513513,2,0.092107899454828
70,12,P4,2023-01-26 03:23:14.594594,3,0.1683997105780123
71,69,P1,2023-01-26 12:07:55.675675,3,0.14569813543232266
72,37,P2,2023-01-26 20:52:36.756756,2,0.15528948929994493
73,32,P3,2023-01-27 05:37:17.837837,4,0.1312323675362143
74,9,P2,2023-01-27 14:21:58.918918,1,0.035485753893941374
75,99,P2,2023-01-27 23:06:40.000000,4,0.10900538377938768
76,19,P3,2023-01-28 07:51:21.081081,1,0.19693394790490165
77,48,P2,2023-01-28 16:36:02.162162,3,0.1874776132994238
78,80,P3,2023-01-29 01:20:43.243243,1,0.008634747159402335
79,3,P2,2023-01-29 10:05:24.324324,3,0.032962963145887425
80,20,P3,2023-01-29 18:50:05.405405,4,0.026345754690912382
81,24,P1,2023-01-30 03:34:46.486486,3,0.1451959819970591
82,54,P4,2023-01-30 12:19:27.567567,4,0.16355706597138903
83,33,P3,2023-01-30 21:04:08.648648,2,0.04270227326213438
84,24,P3,2023-01-31 05:48:49.729729,2,0.1011705385903658
85,75,P4,2023-01-31 14:33:30.810810,2,0.16814060560224
86,72,P3,2023-01-31 23:18:11.891891,3,0.14656030895325012
87,36,P3,2023-02-01 08:02:52.972972,2,0.10844744109836967
88,38,P2,2023-02-01 16:47:34.054054,1,0.11806953809175458
89,84,P4,2023-02-02 01:32:15.135135,4,0.10167210938325599
90,99,P1,2023-02-02 10:16:56.216216,4,0.05950969026376412
91,89,P3,2023-02-02 19:01:37.297297,1,0.11300439857180322
92,99,P4,2023-02-03 03:46:18.378378,3,0.13777706041001814
93,25,P2,2023-02-03 12:30:59.459459,3,0.17466458317216155
94,93,P1,2023-02-03 21:15:40.540540,4,0.12725827079584962
95,18,P4,2023-02-04 06:00:21.621621,2,0.1522243074086316
96,82,P1,2023-02-04 14:45:02.702702,3,0.0320143269909146
97,66,P1,2023-02-04 23:29:43.783783,3,0.09231149488395798
98,54,P1,2023-02-05 08:14:24.864864,1,0.0018663239654186593
99,35,P3,2023-02-05 16:59:05.945945,1,0.04933577290432461
100,80,P3,2023-02-06 01:43:47.027027,2,0.14529234302260097
101,61,P2,2023-02-06 10:28:28.108108,3,0.1983619902698727
102,41,P2,2023-02-06 19:13:09.189189,3,0.019835619917443183
103,100,P4,2023-02-07 03:57:50.270270,1,0.08029886317225765
104,33,P2,2023-02-07 12:42:31.351351,3,0.16001419373983192
105,68,P1,2023-02-07 21:27:12.432432,4,0.04080712692577977
106,33,P1,2023-02-08 06:11:53.513513,1,0.11101698986045726
107,14,P3,2023-02-08 14:56:34.594594,2,0.14661425920593496
108,21,P1,2023-02-08 23:41:15.675675,1,0.12319709005203582
109,48,P4,2023-02-09 08:25:56.756756,3,0.03760494692308323
110,20,P1,2023-02-09 17:10:37.837837,2,0.07107691373714789
111,8,P1,2023-02-10 01:55:18.918918,1,0.15675835689707945
112,7,P4,2023-02-10 10:40:00.000000,4,0.11084530282640333
113,67,P2,2023-02-10 19:24:41.081081,4,0.0010459227085825474
114,17,P2,2023-02-11 04:09:22.162162,1,0.1521981520056188
115,33,P4,2023-02-11 12:54:03.243243,4,0.007062270988047814
116,48,P3,2023-02-11 21:38:44.324324,4,0.14914675654624643
117,76,P1,2023-02-12 06:23:25.405405,4,0.04049611203304748
118,59,P4,2023-02-12 15:08:06.486486,2,0.19161469602387604
119,86,P1,2023-02-12 23:52:47.567567,4,0.0735881502604169
120,22,P3,2023-02-13 08:37:28.648648,4,0.06538632326761583
121,30,P1,2023-02-13 17:22:09.729729,4,0.029777610066488935
122,38,P4,2023-02-14 02:06:50.810810,2,0.06112084309804298
123,51,P1,2023-02-14 10:51:31.891891,1,0.17533015236564012
124,54,P2,2023-02-14 19:36:12.972972,3,0.19926686752544948
125,8,P3,2023-02-15 04:20:54.054054,4,0.07366190610136968
126,27,P3,2023-02-15 13:05:35.135135,1,0.08972212619090852
127,27,P3,2023-02-15 21:50:16.216216,4,0.14441418764054742
128,98,P4,2023-02-16 06:34:57.297297,2,0.1772391560930149
129,21,P3,2023-02-16 15:19:38.378378,1,0.11860886683735683
130,30,P2,2023-02-17 00:04:19.459459,2,0.07830513963556587
131,97,P4,2023-02-17 08:49:00.540540,4,0.08252436816972475
132,28,P2,2023-02-17 17:33:41.621621,4,0.13912362929936137
133,64,P1,2023-02-18 02:18:22.702702,2,0.0006436527208557364
134,97,P1,2023-02-18 11:03:03.783783,3,0.12391786749196815
135,69,P1,2023-02-18 19:47:44.864864,2,0.07109860208827148
136,61,P1,2023-02-19 04:32:25.945945,4,0.15883946625541687
137,48,P2,2023-02-19 13:17:07.027027,2,0.018598127964626433
138,19,P4,2023-02-19 22:01:48.108108,3,0.1176404533896781
139,4,P4,2023-02-20 06:46:29.189189,2,0.09619457797722475
140,35,P3,2023-02-20 15:31:10.270270,3,0.12846510518104548
141,64,P2,2023-02-21 00:15:51.351351,3,0.01297071889659367
142,49,P1,2023-02-21 09:00:32.432432,2,
143,17,P2,2023-02-21 17:45:13.513513,2,0.11229691759190474
144,44,P3,2023-02-22 02:29:54.594594,1,0.1121320188832342
145,92,P3,2023-02-22 11:14:35.675675,4,0.12069753331929096
146,30,P2,2023-02-22 19:59:16.756756,3,0.13529358744527245
147,93,P2,2023-02-23 04:43:57.837837,1,0.16099779993615396
148,46,P2,2023-02-23 13:28:38.918918,2,0.05396414402564287
149,6,P4,2023-02-23 22:13:20.000000,4,0.1650098820360124
150,99,P1,2023-02-24 06:58:01.081081,1,0.09965113645269073
151,37,P2,2023-02-24 15:42:42.162162,3,0.015411655826866233
152,24,P2,2023-02-25 00:27:23.243243,1,0.01171018584879584
153,93,P2,2023-02-25 09:12:04.324324,3,0.06684766373921217
154,46,P3,2023-02-25 17:56:45.405405,2,0.15697939542229353
155,53,P3,2023-02-26 02:41:26.486486,4,0.14153618694818315
156,95,P4,2023-02-26 11:26:07.567567,4,0.1577229929344813
157,99,P1,2023-02-26 20:10:48.648648,4,0.10345381128832187
158,60,P4,2023-02-27 04:55:29.729729,2,0.08803979959109812
159,97,P1,2023-02-27 13:40:10.810810,3,0.02949050534125679
160,63,P3,2023-02-27 22:24:51.891891,2,0.06563855072186231
161,85,P3,2023-02-28 07:09:32.972972,4,0.08680387323477506
162,32,P3,2023-02-28 15:54:14.054054,2,0.017720085935923446
163,87,P4,2023-03-01 00:38:55.135135,2,0.044122390542242255
164,33,P2,2023-03-01 09:23:36.216216,2,0.11964505881274777
165,67,P2,2023-03-01 18:08:17.297297,3,0.14713262284783798
166,18,P3,2023-03-02 02:52:58.378378,1,0.19966950227858993
167,25,P2,2023-03-02 11:37:39.459459,1,0.18662266626871155
168,95,P2,2023-03-02 20:22:20.540540,2,0.1285130399070383
169,54,P4,2023-03-03 05:07:01.621621,1,0.08424961065881441
170,58,P1,2023-03-03 13:51:42.702702,1,0.12723547294164655
171,67,P3,2023-03-03 22:36:23.783783,2,0.1571303236160464
172,46,P3,2023-03-04 07:21:04.864864,2,0.023667238184677464
173,24,P4,2023-03-04 16:05:45.945945,4,0.08198097793925765
174,32,P4,2023-03-05 00:50:27.027027,1,0.16796045712712346
175,47,P2,2023-03-05 09:35:08.108108,3,0.07676659038660881
176,86,P3,2023-03-05 18:19:49.189189,2,0.11437445424543731
177,23,P1,2023-03-06 03:04:30.270270,4,0.11755387217243965
178,66,P4,2023-03-06 11:49:11.351351,3,0.036895250626727875
179,27,P1,2023-03-06 20:33:52.432432,1,0.07244708833045768
180,2,P1,2023-03-07 05:18:33.513513,4,
181,90,P3,2023-03-07 14:03:14.594594,2,0.005239341706412959
182,17,P3,2023-03-07 22:47:55.675675,3,0.004838352778271049
183,33,P4,2023-03-08 07:32:36.756756,2,0.1663394087351547
184,9,P3,2023-03-08 16:17:17.837837,1,
185,43,P3,2023-03-09 01:01:58.918918,3,0.10361575324776309
186,48,P3,2023-03-09 09:46:40.000000,1,0.059745114717754615
187,39,P1,2023-03-09 18:31:21.081081,1,0.18813584902306812
188,93,P4,2023-03-10 03:16:02.162162,4,0.051859351773154753
189,42,P2,2023-03-10 12:00:43.243243,2,0.08593136254778702
190,26,P1,2023-03-10 20:45:24.324324,3,0.17454605009692037
191,99,P3,2023-03-11 05:30:05.405405,1,0.16838671335836175
192,50,P1,2023-03-11 14:14:46.486486,1,0.03722028356925546
193,25,P3,2023-03-11 22:59:27.567567,3,0.1605286619591421
194,24,P3,2023-03-12 07:44:08.648648,1,0.09163737734757854
195,13,P1,2023-03-12 16:28:49.729729,4,0.09659377441707105
196,60,P4,2023-03-13 01:13:30.810810,4,0.026695994483188757
197,7,P3,2023-03-13 09:58:11.891891,4,0.016120302751424932
198,57,P4,2023-03-13 18:42:52.972972,4,0.14558786139475305
199,36,P2,2023-03-14 03:27:34.054054,1,0.09929223047105995
200,45,P3,2023-03-14 12:12:15.135135,3,0.08737014052303592
201,20,P4,2023-03-14 20:56:56.216216,3,0.14590164573047934
202,65,P4,2023-03-15 05:41:37.297297,3,0.15310257979822195
203,8,P2,2023-03-15 14:26:18.378378,3,0.031781633533870715
204,16,P4,2023-03-15 23:10:59.459459,2,0.12204502989552826
205,14,P4,2023-03-16 07:55:40.540540,3,0.027070816455537106
206,76,P2,2023-03-16 16:40:21.621621,2,0.15027501720580916
207,87,P3,2023-03-17 01:25:02.702702,2,0.1313910312534279
208,15,P4,2023-03-17 10:09:43.783783,4,0.19132292421669161
209,92,P4,2023-03-17 18:54:24.864864,2,0.013791603271284238
210,98,P4,2023-03-18 03:39:05.945945,1,0.011410944230250865
211,66,P1,2023-03-18 12:23:47.027027,2,
212,32,P2,2023-03-18 21:08:28.108108,4,0.052341136747181195
213,87,P1,2023-03-19 05:53:09.189189,2,0.04939575981439997
214,63,P2,2023-03-19 14:37:50.270270,1,0.18125091610420735
215,86,P3,2023-03-19 23:22:31.351351,1,0.04990923996990122
216,51,P3,2023-03-20 08:07:12.432432,1,0.054389945225726204
217,25,P4,2023-03-20 16:51:53.513513,4,
218,58,P2,2023-03-21 01:36:34.594594,4,0.089947968490108
219,63,P3,2023-03-21 10:21:15.675675,3,0.15534211139103626
220,62,P2,2023-03-21 19:05:56.756756,4,0.01307323151287705
221,22,P3,2023-03-22 03:50:37.837837,1,0.09751423873467686
222,58,P1,2023-03-22 12:35:18.918918,1,0.0067227200366565265
223,58,P3,2023-03-22 21:20:00.000000,4,0.012530640691070905
224,86,P1,2023-03-23 06:04:41.081081,2,0.1812874906688822
225,49,P3,2023-03-23 14:49:22.162162,4,0.027849074223519035
226,52,P4,2023-03-23 23:34:03.243243,4,0.10648413645504343
227,42,P1,2023-03-24 08:18:44.324324,1,
228,70,P3,2023-03-24 17:03:25.405405,3,0.06946866525176854
229,15,P4,2023-03-25 01:48:06.486486,1,0.17996666913745452
230,54,P1,2023-03-25 10:32:47.567567,3,0.0043646793550979005
231,60,P4,2023-03-25 19:17:28.648648,1,0.13275793723511783
232,97,P2,2023-03-26 04:02:09.729729,4,0.1926788868427101
233,8,P2,2023-03-26 12:46:50.810810,1,0.11203363669236839
234,53,P1,2023-03-26 21:31:31.891891,1,0.18736449240661837
235,60,P3,2023-03-27 06:16:12.972972,1,0.010451575857204755
236,5,P1,2023-03-27 15:00:54.054054,4,0.08375866381483228
237,68,P4,2023-03-27 23:45:35.135135,4,0.05203155819241023
238,6,P3,2023-03-28 08:30:16.216216,4,0.14616419299614597
239,96,P2,2023-03-28 17:14:57.297297,4,0.19625941809944936
240,94,P3,2023-03-29 01:59:38.378378,3,0.05130601248884956
241,47,P2,2023-03-29 10:44:19.459459,3,0.1308349202948149
242,99,P3,2023-03-29 19:29:00.540540,2,0.03961952655194803
243,55,P3,2023-03-30 04:13:41.621621,4,0.11306605091432198
244,40,P3,2023-03-30 12:58:22.702702,3,0.09278649733766725
245,52,P4,2023-03-30 21:43:03.783783,1,0.19440106592630743
246,16,P4,2023-03-31 06:27:44.864864,4,0.12170545453929332
247,13,P1,2023-03-31 15:12:25.945945,2,0.06990127441736375
248,30,P1,2023-03-31 23:57:07.027027,2,0.022819156977586675
249,19,P2,2023-04-01 08:41:48.108108,2,0.030249365746986914
250,17,P4,2023-04-01 17:26:29.189189,1,0.04506338599024702
251,63,P2,2023-04-02 02:11:10.270270,3,0.0501933322680596
252,19,P1,2023-04-02 10:55:51.351351,1,0.17012321156822757
253,92,P2,2023-04-02 19:40:32.432432,4,0.11224455765650498
254,58,P1,2023-04-03 04:25:13.513513,2,0.1046781822748733
255,55,P4,2023-04-03 13:09:54.594594,1,0.022953774373843494
256,90,P3,2023-04-03 21:54:35.675675,1,0.172027938669887
257,90,P4,2023-04-04 06:39:16.756756,3,0.14456286064169674
258,62,P2,2023-04-04 15:23:57.837837,3,0.013533672380000318
259,23,P2,2023-04-05 00:08:38.918918,2,0.14156701944595373
260,9,P4,2023-04-05 08:53:20.000000,1,0.10870764346852922
261,12,P4,2023-04-05 17:38:01.081081,1,0.016345069149355653
262,1,P1,2023-04-06 02:22:42.162162,3,0.0916601283057313
263,58,P2,2023-04-06 11:07:23.243243,1,0.0969392574260094
264,1,P2,2023-04-06 19:52:04.324324,1,0.03315490803265515
265,34,P4,2023-04-07 04:36:45.405405,1,0.18913962940005646
266,96,P3,2023-04-07 13:21:26.486486,3,0.1699950742961324
267,48,P2,2023-04-07 22:06:07.567567,2,0.13380446746582167
268,89,P3,2023-04-08 06:50:48.648648,4,0.09245911220012144
269,1,P4,2023-04-08 15:35:29.729729,2,0.08235310831690171
270,16,P4,2023-04-09 00:20:10.810810,4,0.13019469343019083
271,61,P1,2023-04-09 09:04:51.891891,1,0.1090863738813811
272,64,P2,2023-04-09 17:49:32.972972,2,0.012454621176377124
273,63,P3,2023-04-10 02:34:14.054054,4,0.10250052975406634
274,69,P1,2023-04-10 11:18:55.135135,3,0.1612807234465679
275,22,P2,2023-04-10 20:03:36.216216,3,0.09184797551939161
276,93,P1,2023-04-11 04:48:17.297297,2,0.010391315510853684
277,67,P4,2023-04-11 13:32:58.378378,2,0.15725563987680663
278,76,P2,2023-04-11 22:17:39.459459,1,0.04027275642719488
279,26,P1,2023-04-12 07:02:20.540540,2,0.05172416697760776
280,16,P1,2023-04-12 15:47:01.621621,1,0.03294127068645918
281,51,P3,2023-04-13 00:31:42.702702,1,0.06604301297429951
282,86,P1,2023-04-13 09:16:23.783783,3,0.15135030113772702
283,57,P2,2023-04-13 18:01:04.864864,3,0.10387717190078748
284,29,P2,2023-04-14 02:45:45.945945,4,0.040976254830142514
285,78,P3,2023-04-14 11:30:27.027027,3,0.1755660156304082
286,92,P2,2023-04-14 20:15:08.108108,3,0.17591637099030585
287,69,P4,2023-04-15 04:59:49.189189,2,0.17411568500920138
288,47,P2,2023-04-15 13:44:30.270270,3,
289,94,P2,2023-04-15 22:29:11.351351,4,0.09024786883619762
290,62,P1,2023-04-16 07:13:52.432432,2,0.19699793122817502
291,69,P1,2023-04-16 15:58:33.513513,4,0.1544024952619981
292,76,P2,2023-04-17 00:43:14.594594,3,0.005433484245111964
293,16,P3,2023-04-17 09:27:55.675675,4,0.01304091825209841
294,90,P1,2023-04-17 18:12:36.756756,2,0.09278627536246656
295,90,P3,2023-04-18 02:57:17.837837,1,0.18184404117231204
296,48,P2,2023-04-18 11:41:58.918918,4,0.10774035959054284
297,85,P2,2023-04-18 20:26:40.000000,4,0.09956250160685805
298,39,P4,2023-04-19 05:11:21.081081,2,0.02109473999132612
299,100,P1,2023-04-19 13:56:02.162162,2,0.13135602094485882
300,33,P2,2023-04-19 22:40:43.243243,4,0.1644206321200451
301,94,P4,2023-04-20 07:25:24.324324,3,0.07608400150151247
302,23,P1,2023-04-20 16:10:05.405405,4,0.1551223701850655
303,10,P2,2023-04-21 00:54:46.486486,2,0.19289533078016233
304,69,P2,2023-04-21 09:39:27.567567,1,0.04075329182553782
305,100,P1,2023-04-21 18:24:08.648648,1,0.10466592623894827
306,34,P1,2023-04-22 03:08:49.729729,3,0.05742759161691511
307,52,P1,2023-04-22 11:53:30.810810,4,0.15857088380676787
308,95,P2,2023-04-22 20:38:11.891891,1,0.1155186731762315
309,10,P2,2023-04-23 05:22:52.972972,4,0.12691648351006077
310,19,P4,2023-04-23 14:07:34.054054,2,0.15958283192317882
311,58,P3,2023-04-23 22:52:15.135135,1,0.07919409453249099
312,96,P1,2023-04-24 07:36:56.216216,3,0.18301801368140866
313,1,P2,2023-04-24 16:21:37.297297,2,0.106605773449228
314,69,P2,2023-04-25 01:06:18.378378,3,0.031590964567069606
315,4,P1,2023-04-25 09:50:59.459459,2,0.1391798236337605
316,16,P3,2023-04-25 18:35:40.540540,1,0.1586522700876509
317,24,P1,2023-04-26 03:20:21.621621,3,0.06335233541350534
318,80,P3,2023-04-26 12:05:02.702702,3,0.1714358513997506
319,2,P2,2023-04-26 20:49:43.783783,2,0.1812286509531533
320,92,P3,2023-04-27 05:34:24.864864,3,0.05538089747556179
321,32,P4,2023-04-27 14:19:05.945945,2,0.19670429454304442
322,91,P2,2023-04-27 23:03:47.027027,2,0.028142305609751686
323,84,P4,2023-04-28 07:48:28.108108,2,0.040403133680498
324,24,P1,2023-04-28 16:33:09.189189,2,0.03684496784760523
325,12,P1,2023-04-29 01:17:50.270270,1,0.1787979420015741
326,50,P1,2023-04-29 10:02:31.351351,2,0.1308585104649924
327,35,P3,2023-04-29 18:47:12.432432,4,0.030420856644454576
328,33,P2,2023-04-30 03:31:53.513513,3,
329,33,P1,2023-04-30 12:16:34.594594,4,0.1230596050139604
330,61,P1,2023-04-30 21:01:15.675675,1,
331,51,P2,2023-05-01 05:45:56.756756,4,0.17648327368146777
332,43,P1,2023-05-01 14:30:37.837837,3,0.16072070708830705
333,12,P4,2023-05-01 23:15:18.918918,4,0.10104135471532766
334,67,P2,2023-05-02 08:00:00.000000,1,0.1934253230518341
335,65,P2,2023-05-02 16:44:41.081081,2,0.08355219585501994
336,33,P2,2023-05-03 01:29:22.162162,4,0.19682206380729958
337,40,P4,2023-05-03 10:14:03.243243,1,0.1335839997607254
338,74,P2,2023-05-03 18:58:44.324324,1,0.1269342546507883
339,43,P4,2023-05-04 03:43:25.405405,3,0.033190979059157
340,44,P2,2023-05-04 12:28:06.486486,3,0.1763855516609288
341,29,P3,2023-05-04 21:12:47.567567,4,0.08549793758412304
342,13,P1,2023-05-05 05:57:28.648648,2,0.03244668115649587
343,12,P3,2023-05-05 14:42:09.729729,1,0.002521503995151808
344,95,P1,2023-05-05 23:26:50.810810,4,0.11195113672767652
345,46,P4,2023-05-06 08:11:31.891891,1,0.10547992442453527
346,2,P3,2023-05-06 16:56:12.972972,1,0.14387072447383173
347,35,P2,2023-05-07 01:40:54.054054,2,0.17805161060356045
348,87,P1,2023-05-07 10:25:35.135135,2,0.015881316928605903
349,81,P1,2023-05-07 19:10:16.216216,4,0.1462992980680725
350,90,P3,2023-05-08 03:54:57.297297,2,0.037482388819516446
351,8,P4,2023-05-08 12:39:38.378378,2,0.1716354106314328
352,93,P3,2023-05-08 21:24:19.459459,4,0.16381270277233123
353,26,P4,2023-05-09 06:09:00.540540,2,0.10815875099710888
354,74,P4,2023-05-09 14:53:41.621621,3,0.14204855972466232
355,90,P1,2023-05-09 23:38:22.702702,1,0.06287002263674968
356,34,P3,2023-05-10 08:23:03.783783,1,0.09423357978656294
357,7,P3,2023-05-10 17:07:44.864864,1,0.16432737954209434
358,68,P4,2023-05-11 01:52:25.945945,1,0.09185303943464279
359,58,P3,2023-05-11 10:37:07.027027,4,0.07155965306508837
360,75,P2,2023-05-11 19:21:48.108108,1,0.09884248945005998
361,29,P2,2023-05-12 04:06:29.189189,1,0.16564985048744368
362,36,P3,2023-05-12 12:51:10.270270,1,0.06704160947417455
363,89,P3,2023-05-12 21:35:51.351351,1,0.03475231862714876
364,21,P4,2023-05-13 06:20:32.432432,3,0.14240280406615616
365,36,P2,2023-05-13 15:05:13.513513,1,0.16519564254161637
366,10,P2,2023-05-13 23:49:54.594594,3,0.020127495704706667
367,73,P1,2023-05-14 08:34:35.675675,4,0.04797482255118895
368,24,P4,2023-05-14 17:19:16.756756,2,0.02839439795219878
369,64,P1,2023-05-15 02:03:57.837837,1,0.06958828231643333
370,99,P2,2023-05-15 10:48:38.918918,2,0.09007019578108254
371,49,P4,2023-05-15 19:33:20.000000,2,0.1497652673926613
372,99,P3,2023-05-16 04:18:01.081081,4,0.13022951697633484
373,36,P4,2023-05-16 13:02:42.162162,2,0.12418571349568625
374,82,P3,2023-05-16 21:47:23.243243,3,
375,96,P3,2023-05-17 06:32:04.324324,2,0.168289510616952
376,24,P4,2023-05-17 15:16:45.405405,2,0.09425743347963292
377,23,P3,2023-05-18 00:01:26.486486,2,0.1958209876030309
378,62,P1,2023-05-18 08:46:07.567567,1,0.12682842765914737
379,96,P2,2023-05-18 17:30:48.648648,1,0.02525294831290055
380,37,P3,2023-05-19 02:15:29.729729,3,0.1352355124150868
381,12,P1,2023-05-19 11:00:10.810810,3,0.0650208030863398
382,55,P3,2023-05-19 19:44:51.891891,1,0.1372654393372195
383,13,P2,2023-05-20 04:29:32.972972,3,0.01392822963248115
384,23,P1,2023-05-20 13:14:14.054054,1,0.03497628743519188
385,89,P2,2023-05-20 21:58:55.135135,4,0.17114745178115728
386,99,P2,2023-05-21 06:43:36.216216,2,0.04543591140470298
387,30,P1,2023-05-21 15:28:17.297297,2,0.16740822504858802
388,17,P1,2023-05-22 00:12:58.378378,3,0.055855217690882086
389,62,P1,2023-05-22 08:57:39.459459,1,0.12857638201174154
390,84,P4,2023-05-22 17:42:20.540540,1,0.1388301147019662
391,89,P1,2023-05-23 02:27:01.621621,3,0.10253095062901059
392,86,P1,2023-05-23 11:11:42.702702,1,0.06106213533934626
393,13,P1,2023-05-23 19:56:23.783783,4,0.042528875274219224
394,59,P1,2023-05-24 04:41:04.864864,2,
395,19,P3,2023-05-24 13:25:45.945945,3,0.06078928024814476
396,49,P4,2023-05-24 22:10:27.027027,3,0.1306325581062566
397,100,P2,2023-05-25 06:55:08.108108,1,0.18766096368969654
398,12,P1,2023-05-25 15:39:49.189189,3,0.17424089645261043
399,61,P3,2023-05-26 00:24:30.270270,4,0.15321295530706053
400,19,P3,2023-05-26 09:09:11.351351,1,0.15768946865065975
401,76,P3,2023-05-26 17:53:52.432432,1,0.13299698069519905
402,9,P2,2023-05-27 02:38:33.513513,1,0.052057371513200605
403,71,P1,2023-05-27 11:23:14.594594,1,0.18143900614116598
404,28,P4,2023-05-27 20:07:55.675675,4,0.13414646238116681
405,78,P4,2023-05-28 04:52:36.756756,1,0.11208812619608799
406,95,P3,2023-05-28 13:37:17.837837,3,0.022197893842696215
407,52,P2,2023-05-28 22:21:58.918918,4,0.0894111087612851
408,83,P2,2023-05-29 07:06:40.000000,2,0.09207165424038527
409,16,P2,2023-05-29 15:51:21.081081,2,0.172912721904534
410,69,P4,2023-05-30 00:36:02.162162,3,0.1093296440375577
411,99,P3,2023-05-30 09:20:43.243243,3,0.07608010979408193
412,12,P1,2023-05-30 18:05:24.324324,4,0.19536006570213188
413,25,P4,2023-05-31 02:50:05.405405,2,0.022144118665263137
414,52,P3,2023-05-31 11:34:46.486486,2,0.08450968566238892
415,85,P3,2023-05-31 20:19:27.567567,2,0.008404935034281058
416,100,P1,2023-06-01 05:04:08.648648,2,0.14798082415338606
417,53,P1,2023-06-01 13:48:49.729729,2,0.18361531043983015
418,23,P1,2023-06-01 22:33:30.810810,1,0.05600746591009789
419,16,P2,2023-06-02 07:18:11.891891,3,0.17166833535982418
420,57,P1,2023-06-02 16:02:52.972972,1,0.05844364609237956
421,39,P3,2023-06-03 00:47:34.054054,2,0.18215403232878305
422,53,P1,2023-06-03 09:32:15.135135,4,0.1507923807193568
423,42,P3,2023-06-03 18:16:56.216216,4,0.16098135536828773
424,58,P4,2023-06-04 03:01:37.297297,2,0.0036013111200909
425,39,P2,2023-06-04 11:46:18.378378,2,0.1925620714148052
426,14,P4,2023-06-04 20:30:59.459459,4,0.14533419841406467
427,95,P4,2023-06-05 05:15:40.540540,1,0.06095021907722667
428,5,P3,2023-06-05 14:00:21.621621,1,0.1658789329717694
429,35,P4,2023-06-05 22:45:02.702702,2,0.05630423968298599
430,87,P3,2023-06-06 07:29:43.783783,1,
431,93,P1,2023-06-06 16:14:24.864864,4,0.022516078082387404
432,75,P1,2023-06-07 00:59:05.945945,1,0.14073719549215916
433,18,P3,2023-06-07 09:43:47.027027,2,0.10813969532898207
434,76,P1,2023-06-07 18:28:28.108108,4,0.019306894039088165
435,9,P2,2023-06-08 03:13:09.189189,1,0.0483787656517678
436,74,P4,2023-06-08 11:57:50.270270,3,0.002480807255462958
437,58,P2,2023-06-08 20:42:31.351351,4,0.09375359309290117
438,17,P4,2023-06-09 05:27:12.432432,4,0.06025305215200008
439,7,P1,2023-06-09 14:11:53.513513,3,0.11967149685955177
440,46,P2,2023-06-09 22:56:34.594594,3,0.05944756154172344
441,13,P1,2023-06-10 07:41:15.675675,4,0.05998382230139694
442,40,P4,2023-06-10 16:25:56.756756,3,0.1486386397463207
443,42,P3,2023-06-11 01:10:37.837837,2,0.00962856719567069
444,9,P3,2023-06-11 09:55:18.918918,2,0.18057899903839747
445,50,P2,2023-06-11 18:40:00.000000,2,0.1704527748782363
446,27,P1,2023-06-12 03:24:41.081081,4,0.13356093664528132
447,66,P1,2023-06-12 12:09:22.162162,3,0.11864431402147686
448,5,P2,2023-06-12 20:54:03.243243,3,
449,29,P3,2023-06-13 05:38:44.324324,1,0.03706603590574289
450,37,P4,2023-06-13 14:23:25.405405,1,0.015793832438165723
451,38,P2,2023-06-13 23:08:06.486486,3,0.04790203398190762
452,83,P4,2023-06-14 07:52:47.567567,3,0.15891565574003808
453,8,P3,2023-06-14 16:37:28.648648,3,0.006934053345296665
454,65,P1,2023-06-15 01:22:09.729729,4,0.11656136701669793
455,86,P3,2023-06-15 10:06:50.810810,3,
456,17,P2,2023-06-15 18:51:31.891891,1,0.1711392187675079
457,71,P1,2023-06-16 03:36:12.972972,4,0.1042891378087179
458,89,P2,2023-06-16 12:20:54.054054,3,0.01272818185732847
459,45,P2,2023-06-16 21:05:35.135135,1,0.16627470287714197
460,4,P3,2023-06-17 05:50:16.216216,4,0.11979570163544212
461,36,P2,2023-06-17 14:34:57.297297,3,0.022986599411913368
462,70,P3,2023-06-17 23:19:38.378378,3,0.01877145696467124
463,31,P1,2023-06-18 08:04:19.459459,3,0.1819253638873185
464,19,P3,2023-06-18 16:49:00.540540,4,0.1338400525876157
465,61,P1,2023-06-19 01:33:41.621621,1,0.16585735986335112
466,54,P3,2023-06-19 10:18:22.702702,1,0.17579578005645347
467,39,P4,2023-06-19 19:03:03.783783,2,0.11435447040966445
468,91,P4,2023-06-20 03:47:44.864864,3,0.10348927035100826
469,74,P2,2023-06-20 12:32:25.945945,2,0.08608548206419804
470,90,P3,2023-06-20 21:17:07.027027,2,0.06338931755822386
471,19,P3,2023-06-21 06:01:48.108108,1,0.08691919217174236
472,39,P1,2023-06-21 14:46:29.189189,4,0.15477593114603128
473,67,P2,2023-06-21 23:31:10.270270,4,
474,45,P3,2023-06-22 08:15:51.351351,1,0.17850465799096923
475,13,P2,2023-06-22 17:00:32.432432,4,0.08867600287583755
476,92,P4,2023-06-23 01:45:13.513513,2,0.12141791574375081
477,58,P3,2023-06-23 10:29:54.594594,3,0.12626151061839774
478,20,P3,2023-06-23 19:14:35.675675,1,0.1183394324612651
479,92,P2,2023-06-24 03:59:16.756756,3,0.14052675461710326
480,72,P3,2023-06-24 12:43:57.837837,4,0.04748669367496126
481,61,P2,2023-06-24 21:28:38.918918,3,0.10247275550915813
482,39,P3,2023-06-25 06:13:20.000000,4,0.020844960561669536
483,1,P1,2023-06-25 14:58:01.081081,4,0.07690226552896251
484,3,P2,2023-06-25 23:42:42.162162,2,
485,77,P3,2023-06-26 08:27:23.243243,4,0.1304448519090945
486,92,P4,2023-06-26 17:12:04.324324,2,0.19010621051724072
487,62,P3,2023-06-27 01:56:45.405405,2,0.12013021330967118
488,63,P4,2023-06-27 10:41:26.486486,2,0.14871878323531196
489,25,P4,2023-06-27 19:26:07.567567,1,0.10125321189904056
490,56,P1,2023-06-28 04:10:48.648648,1,0.12682080627526626
491,33,P2,2023-06-28 12:55:29.729729,4,0.014186443226754686
492,38,P3,2023-06-28 21:40:10.810810,2,0.0508783161683694
493,6,P1,2023-06-29 06:24:51.891891,1,0.07237061864102774
494,58,P3,2023-06-29 15:09:32.972972,2,0.09449867100130271
495,44,P4,2023-06-29 23:54:14.054054,3,0.009129749100476748
496,45,P2,2023-06-30 08:38:55.135135,3,0.02800481951066354
497,32,P3,2023-06-30 17:23:36.216216,3,0.05536286155826116
498,45,P3,2023-07-01 02:08:17.297297,4,0.19430653818021015
499,61,P4,2023-07-01 10:52:58.378378,2,0.06626940142061015
500,47,P3,2023-07-01 19:37:39.459459,3,0.09640821162241651
501,21,P3,2023-07-02 04:22:20.540540,1,0.03921954254767859
502,80,P4,2023-07-02 13:07:01.621621,3,0.12215601421515365
503,85,P1,2023-07-02 21:51:42.702702,3,0.05613664310319486
504,75,P4,2023-07-03 06:36:23.783783,3,0.04139851568768536
505,36,P1,2023-07-03 15:21:04.864864,4,0.10331452568919582
506,99,P2,2023-07-04 00:05:45.945945,1,0.0011011598320841644
507,19,P1,2023-07-04 08:50:27.027027,2,0.0015328065298450657
508,20,P1,2023-07-04 17:35:08.108108,1,0.043813761820371555
509,57,P2,2023-07-05 02:19:49.189189,2,0.007344272500164228
510,18,P1,2023-07-05 11:04:30.270270,4,0.021605150826138276
511,47,P4,2023-07-05 19:49:11.351351,4,0.06777212986775032
512,49,P1,2023-07-06 04:33:52.432432,4,0.1605171359159626
513,14,P2,2023-07-06 13:18:33.513513,4,0.11440972867386018
514,15,P4,2023-07-06 22:03:14.594594,2,0.10253354519128328
515,31,P2,2023-07-07 06:47:55.675675,3,0.05869776464162433
516,1,P2,2023-07-07 15:32:36.756756,2,0.18635074388656328
517,54,P3,2023-07-08 00:17:17.837837,1,0.07940300824743834
518,3,P3,2023-07-08 09:01:58.918918,4,0.0174185533591543
519,16,P2,2023-07-08 17:46:40.000000,4,0.12341330322356026
520,87,P2,2023-07-09 02:31:21.081081,1,0.022767678695320284
521,57,P2,2023-07-09 11:16:02.162162,2,0.06904462856033843
522,75,P3,2023-07-09 20:00:43.243243,3,0.10148238774356177
523,12,P3,2023-07-10 04:45:24.324324,3,0.17484450493703518
524,74,P1,2023-07-10 13:30:05.405405,1,0.09870931606802374
525,96,P1,2023-07-10 22:14:46.486486,3,0.14045175320633285
526,16,P2,2023-07-11 06:59:27.567567,2,0.1985633677998141
527,72,P4,2023-07-11 15:44:08.648648,2,0.026297823979596326
528,76,P4,2023-07-12 00:28:49.729729,1,0.05494630510390391
529,24,P3,2023-07-12 09:13:30.810810,2,0.07891521511952929
530,28,P3,2023-07-12 17:58:11.891891,4,0.08436563570776628
531,8,P3,2023-07-13 02:42:52.972972,1,0.08220421505310915
532,92,P2,2023-07-13 11:27:34.054054,2,0.181522200511311
533,36,P4,2023-07-13 20:12:15.135135,1,0.14280652889337128
534,90,P1,2023-07-14 04:56:56.216216,3,0.12158104281814075
535,8,P2,2023-07-14 13:41:37.297297,2,0.06187454357255642
536,58,P1,2023-07-14 22:26:18.378378,4,0.16475807684425894
537,60,P1,2023-07-15 07:10:59.459459,2,0.1910121022969978
538,50,P2,2023-07-15 15:55:40.540540,1,0.16423965651004532
539,28,P1,2023-07-16 00:40:21.621621,1,0.00031302103829458086
540,92,P4,2023-07-16 09:25:02.702702,2,0.1272802740366814
541,41,P1,2023-07-16 18:09:43.783783,4,0.010227076288420145
542,100,P4,2023-07-17 02:54:24.864864,4,0.051521444066744373
543,64,P4,2023-07-17 11:39:05.945945,4,0.011904940069554337
544,27,P4,2023-07-17 20:23:47.027027,1,0.12075909058987755
545,63,P3,2023-07-18 05:08:28.108108,2,0.13731798269852136
546,17,P1,2023-07-18 13:53:09.189189,3,0.022897527613181024
547,73,P2,2023-07-18 22:37:50.270270,1,0.0767677766089959
548,33,P2,2023-07-19 07:22:31.351351,4,0.0912473017911084
549,84,P1,2023-07-19 16:07:12.432432,2,0.07381060435218333
550,77,P3,2023-07-20 00:51:53.513513,4,0.02420500009703861
551,92,P3,2023-07-20 09:36:34.594594,3,0.08378955803749509
552,29,P4,2023-07-20 18:21:15.675675,4,0.15023560956168364
553,13,P1,2023-07-21 03:05:56.756756,4,0.014201532906651094
554,46,P1,2023-07-21 11:50:37.837837,3,0.01603600281638069
555,35,P2,2023-07-21 20:35:18.918918,2,0.07095425836719685
556,6,P1,2023-07-22 05:20:00.000000,1,0.18834514232378502
557,82,P3,2023-07-22 14:04:41.081081,2,0.1337145293445828
558,69,P1,2023-07-22 22:49:22.162162,3,0.13573399133451297
559,47,P2,2023-07-23 07:34:03.243243,4,0.072383998167573
560,25,P4,2023-07-23 16:18:44.324324,2,0.11873215824170769
561,66,P2,2023-07-24 01:03:25.405405,1,0.0020262368055486758
562,10,P2,2023-07-24 09:48:06.486486,3,
563,56,P4,2023-07-24 18:32:47.567567,2,0.18265738951524735
564,30,P2,2023-07-25 03:17:28.648648,1,0.12251469366896384
565,5,P2,2023-07-25 12:02:09.729729,3,0.174739718693269
566,33,P1,2023-07-25 20:46:50.810810,1,0.14479461109321876
567,65,P1,2023-07-26 05:31:31.891891,3,0.024111683280738053
568,18,P4,2023-07-26 14:16:12.972972,4,0.18049066145716836
569,96,P1,2023-07-26 23:00:54.054054,2,0.013288768871154977
570,49,P1,2023-07-27 07:45:35.135135,1,0.10679349450955276
571,11,P2,2023-07-27 16:30:16.216216,3,0.028427424758691533
572,85,P3,2023-07-28 01:14:57.297297,1,0.0023413221461808134
573,26,P1,2023-07-28 09:59:38.378378,1,0.0844068520255278
574,63,P3,2023-07-28 18:44:19.459459,2,0.059008141530831254
575,89,P1,2023-07-29 03:29:00.540540,4,0.09720009875952061
576,86,P1,2023-07-29 12:13:41.621621,1,0.11543997734691017
577,59,P4,2023-07-29 20:58:22.702702,3,0.008747814461789473
578,27,P4,2023-07-30 05:43:03.783783,3,0.02460065902474913
579,49,P4,2023-07-30 14:27:44.864864,4,0.11172847929008507
580,77,P3,2023-07-30 23:12:25.945945,3,0.06863347063453165
581,33,P2,2023-07-31 07:57:07.027027,4,0.14583469750988962
582,98,P1,2023-07-31 16:41:48.108108,3,0.13045832971838794
583,99,P1,2023-08-01 01:26:29.189189,2,0.16912087259798136
584,1,P1,2023-08-01 10:11:10.270270,1,0.13849856533384505
585,21,P3,2023-08-01 18:55:51.351351,2,0.08598621547802963
586,55,P4,2023-08-02 03:40:32.432432,1,0.13459332447888647
587,6,P2,2023-08-02 12:25:13.513513,1,0.055076234851083705
588,92,P3,2023-08-02 21:09:54.594594,1,0.06126269975564254
589,81,P4,2023-08-03 05:54:35.675675,2,0.15779703198415868
590,69,P3,2023-08-03 14:39:16.756756,1,0.08928390328031643
591,95,P2,2023-08-03 23:23:57.837837,2,0.15967606810367052
592,5,P4,2023-08-04 08:08:38.918918,4,0.16448447473365568
593,3,P3,2023-08-04 16:53:20.000000,3,0.17151246753225677
594,53,P2,2023-08-05 01:38:01.081081,3,0.18332704716824147
595,23,P1,2023-08-05 10:22:42.162162,1,0.08619704410265926
596,53,P2,2023-08-05 19:07:23.243243,2,0.06377336366422777
597,37,P1,2023-08-06 03:52:04.324324,3,0.11643974931882278
598,74,P3,2023-08-06 12:36:45.405405,2,0.07423448468752551
599,74,P4,2023-08-06 21:21:26.486486,2,0.1202148333600466
600,83,P4,2023-08-07 06:06:07.567567,1,0.14111717252876493
601,17,P3,2023-08-07 14:50:48.648648,3,0.13768100369842737
602,85,P4,2023-08-07 23:35:29.729729,1,0.07491057740402428
603,78,P4,2023-08-08 08:20:10.810810,1,0.03337204033975057
604,73,P1,2023-08-08 17:04:51.891891,3,0.08610586769244151
605,1,P3,2023-08-09 01:49:32.972972,3,0.02851882881638175
606,51,P2,2023-08-09 10:34:14.054054,4,0.17801940703676167
607,45,P1,2023-08-09 19:18:55.135135,4,0.06917549214757149
608,77,P3,2023-08-10 04:03:36.216216,2,0.03089194944466476
609,4,P1,2023-08-10 12:48:17.297297,3,0.005089551981150176
610,62,P2,2023-08-10 21:32:58.378378,4,0.12916447725729685
611,65,P2,2023-08-11 06:17:39.459459,2,0.12738046349094864
612,32,P3,2023-08-11 15:02:20.540540,2,0.06812083331625833
613,34,P2,2023-08-11 23:47:01.621621,2,0.014342377769530202
614,92,P1,2023-08-12 08:31:42.702702,4,0.0819257789790464
615,95,P2,2023-08-12 17:16:23.783783,3,0.06224349901267872
616,72,P1,2023-08-13 02:01:04.864864,1,0.13542412794700187
617,39,P1,2023-08-13 10:45:45.945945,2,0.12115584989053807
618,26,P2,2023-08-13 19:30:27.027027,4,0.072918745639508
619,34,P3,2023-08-14 04:15:08.108108,4,0.04357851085099802
620,54,P4,2023-08-14 12:59:49.189189,1,0.1976071932311184
621,3,P2,2023-08-14 21:44:30.270270,1,0.09080032423922298
622,50,P1,2023-08-15 06:29:11.351351,4,0.13765484715604742
623,12,P1,2023-08-15 15:13:52.432432,3,0.028110593515672157
624,65,P2,2023-08-15 23:58:33.513513,1,0.09711793993187956
625,54,P3,2023-08-16 08:43:14.594594,4,0.005507343973893098
626,5,P3,2023-08-16 17:27:55.675675,1,0.10109102358208999
627,94,P1,2023-08-17 02:12:36.756756,3,0.19280348142354048
628,94,P1,2023-08-17 10:57:17.837837,2,0.07684134259716005
629,57,P3,2023-08-17 19:41:58.918918,1,0.007799202514982318
630,17,P4,2023-08-18 04:26:40.000000,3,0.006191158183868706
631,47,P2,2023-08-18 13:11:21.081081,4,0.0775973519893739
632,23,P1,2023-08-18 21:56:02.162162,1,0.03200498729263881
633,79,P1,2023-08-19 06:40:43.243243,1,0.004670419265637183
634,85,P3,2023-08-19 15:25:24.324324,4,0.15124272279003537
635,14,P2,2023-08-20 00:10:05.405405,2,0.09170460177637814
636,66,P3,2023-08-20 08:54:46.486486,4,0.05784895439453091
637,75,P2,2023-08-20 17:39:27.567567,1,0.18001663660329614
638,51,P2,2023-08-21 02:24:08.648648,4,0.023227792040105125
639,38,P2,2023-08-21 11:08:49.729729,3,0.19118376579106386
640,64,P1,2023-08-21 19:53:30.810810,4,0.06279334347547057
641,98,P4,2023-08-22 04:38:11.891891,1,
642,38,P3,2023-08-22 13:22:52.972972,4,0.12058857529589231
643,50,P4,2023-08-22 22:07:34.054054,2,0.1653414719482975
644,98,P3,2023-08-23 06:52:15.135135,4,0.19680263264209286
645,82,P2,2023-08-23 15:36:56.216216,2,0.05768108756374915
646,30,P1,2023-08-24 00:21:37.297297,3,0.1922270970815186
647,79,P4,2023-08-24 09:06:18.378378,2,0.07789637898048407
648,91,P1,2023-08-24 17:50:59.459459,4,0.07710238094738447
649,51,P3,2023-08-25 02:35:40.540540,1,0.06807742085090114
650,63,P1,2023-08-25 11:20:21.621621,2,0.10828152146951704
651,98,P1,2023-08-25 20:05:02.702702,3,0.03082900863569742
652,52,P4,2023-08-26 04:49:43.783783,2,0.11074229707160224
653,38,P2,2023-08-26 13:34:24.864864,2,0.10834096248200081
654,97,P1,2023-08-26 22:19:05.945945,2,0.152380362520974
655,88,P2,2023-08-27 07:03:47.027027,3,0.16672999238751712
656,79,P3,2023-08-27 15:48:28.108108,4,0.08808827006248482
657,30,P1,2023-08-28 00:33:09.189189,2,0.060466649870298754
658,51,P4,2023-08-28 09:17:50.270270,2,0.051866979463418894
659,81,P3,2023-08-28 18:02:31.351351,1,0.03892476734097439
660,5,P3,2023-08-29 02:47:12.432432,3,0.011529516439804977
661,29,P4,2023-08-29 11:31:53.513513,2,0.06848959576694268
662,4,P1,2023-08-29 20:16:34.594594,3,0.05404953842615665
663,10,P1,2023-08-30 05:01:15.675675,2,0.19328347717328148
664,56,P3,2023-08-30 13:45:56.756756,4,0.11154176525000879
665,17,P1,2023-08-30 22:30:37.837837,4,0.06945540780610152
666,74,P2,2023-08-31 07:15:18.918918,2,0.1160935201987392
667,17,P4,2023-08-31 16:00:00.000000,4,0.027839340269139104
668,84,P2,2023-09-01 00:44:41.081081,2,0.08880874984044058
669,88,P1,2023-09-01 09:29:22.162162,4,0.12524686428421278
670,69,P3,2023-09-01 18:14:03.243243,1,0.09777956635849028
671,34,P4,2023-09-02 02:58:44.324324,1,0.08035576013086486
672,6,P1,2023-09-02 11:43:25.405405,1,0.19876967777993965
673,53,P1,2023-09-02 20:28:06.486486,3,0.17606295242978542
674,66,P3,2023-09-03 05:12:47.567567,3,0.12468119163188802
675,77,P3,2023-09-03 13:57:28.648648,1,0.11387547223645655
676,43,P2,2023-09-03 22:42:09.729729,3,0.12413209596491681
677,75,P4,2023-09-04 07:26:50.810810,4,0.04026242156448665
678,23,P4,2023-09-04 16:11:31.891891,2,0.07902754865286372
679,55,P3,2023-09-05 00:56:12.972972,2,0.007891906578179864
680,80,P2,2023-09-05 09:40:54.054054,2,0.09510920749736534
681,95,P4,2023-09-05 18:25:35.135135,1,0.10860491679153264
682,75,P3,2023-09-06 03:10:16.216216,3,0.04554994722064192
683,16,P1,2023-09-06 11:54:57.297297,4,0.19280576943310276
684,8,P4,2023-09-06 20:39:38.378378,4,0.1818909221874484
685,4,P2,2023-09-07 05:24:19.459459,1,0.14442864709118117
686,4,P2,2023-09-07 14:09:00.540540,4,0.10667732575307252
687,56,P2,2023-09-07 22:53:41.621621,4,0.173993831929537
688,25,P1,2023-09-08 07:38:22.702702,4,0.026130468764692584
689,67,P4,2023-09-08 16:23:03.783783,4,0.15810195885497702
690,96,P4,2023-09-09 01:07:44.864864,3,0.02496416279336966
691,67,P1,2023-09-09 09:52:25.945945,4,0.1588421325098811
692,27,P4,2023-09-09 18:37:07.027027,2,0.055153513650271394
693,93,P1,2023-09-10 03:21:48.108108,1,0.17541811620363779
694,32,P1,2023-09-10 12:06:29.189189,3,0.1888084187650796
695,50,P1,2023-09-10 20:51:10.270270,4,0.02975919388102313
696,61,P2,2023-09-11 05:35:51.351351,3,0.0925351210130787
697,51,P4,2023-09-11 14:20:32.432432,4,0.19619747563253703
698,19,P1,2023-09-11 23:05:13.513513,2,0.09668148719462932
699,21,P4,2023-09-12 07:49:54.594594,1,0.17270950450290903
700,5,P2,2023-09-12 16:34:35.675675,4,0.11774630442626398
701,82,P1,2023-09-13 01:19:16.756756,4,0.07506598158392037
702,92,P3,2023-09-13 10:03:57.837837,4,0.05715671110517404
703,42,P2,2023-09-13 18:48:38.918918,4,0.04064461821721746
704,61,P3,2023-09-14 03:33:20.000000,1,0.15235963827553944
705,22,P4,2023-09-14 12:18:01.081081,1,0.07730810136460559
706,21,P4,2023-09-14 21:02:42.162162,2,0.10225509244015024
707,70,P2,2023-09-15 05:47:23.243243,1,0.0984650960002364
708,1,P4,2023-09-15 14:32:04.324324,4,0.11545580584662625
709,5,P3,2023-09-15 23:16:45.405405,2,0.17311542912491046
710,12,P1,2023-09-16 08:01:26.486486,2,0.19614786871668588
711,90,P1,2023-09-16 16:46:07.567567,2,0.0815168417147634
712,46,P1,2023-09-17 01:30:48.648648,4,0.16550378442126062
713,34,P2,2023-09-17 10:15:29.729729,3,0.15290555893094354
714,49,P4,2023-09-17 19:00:10.810810,4,0.11470579029111466
715,78,P3,2023-09-18 03:44:51.891891,1,0.19120942872238664
716,90,P4,2023-09-18 12:29:32.972972,1,0.04009490310568056
717,45,P4,2023-09-18 21:14:14.054054,4,0.021852842061924282
718,27,P4,2023-09-19 05:58:55.135135,4,0.17079239339108443
719,73,P1,2023-09-19 14:43:36.216216,2,0.08782996332674967
720,26,P3,2023-09-19 23:28:17.297297,4,0.1693937708414121
721,47,P3,2023-09-20 08:12:58.378378,2,0.178618041039083
722,86,P4,2023-09-20 16:57:39.459459,1,0.012491518723814288
723,56,P1,2023-09-21 01:42:20.540540,2,0.17669295259721216
724,94,P1,2023-09-21 10:27:01.621621,4,0.08966381107388444
725,63,P3,2023-09-21 19:11:42.702702,1,0.10208649780084644
726,48,P1,2023-09-22 03:56:23.783783,3,0.12531850221864205
727,61,P1,2023-09-22 12:41:04.864864,2,
728,81,P1,2023-09-22 21:25:45.945945,1,0.003823218885952806
729,26,P2,2023-09-23 06:10:27.027027,2,0.09536869366356343
730,36,P4,2023-09-23 14:55:08.108108,1,0.13754440848611213
731,1,P3,2023-09-23 23:39:49.189189,1,0.1445413915396457
732,8,P3,2023-09-24 08:24:30.270270,2,0.1385064863074216
733,99,P2,2023-09-24 17:09:11.351351,3,0.026887025881624373
734,52,P4,2023-09-25 01:53:52.432432,1,0.05987911767433625
735,79,P3,2023-09-25 10:38:33.513513,1,0.07174310508340269
736,47,P1,2023-09-25 19:23:14.594594,1,0.160887441535901
737,56,P3,2023-09-26 04:07:55.675675,3,0.05575197448291061
738,86,P1,2023-09-26 12:52:36.756756,3,0.04214099277344063
739,14,P2,2023-09-26 21:37:17.837837,4,0.19148960380761926
740,90,P1,2023-09-27 06:21:58.918918,2,0.00177265702269378
741,28,P3,2023-09-27 15:06:40.000000,3,0.19956417113639566
742,87,P3,2023-09-27 23:51:21.081081,2,0.13536425977147912
743,78,P3,2023-09-28 08:36:02.162162,4,0.16569385988982344
744,88,P2,2023-09-28 17:20:43.243243,2,
745,2,P2,2023-09-29 02:05:24.324324,3,0.0028630555334119958
746,26,P4,2023-09-29 10:50:05.405405,2,0.14757390371230603
747,14,P3,2023-09-29 19:34:46.486486,3,0.16682891940013517
748,59,P1,2023-09-30 04:19:27.567567,2,0.14809522639070383
749,56,P2,2023-09-30 13:04:08.648648,3,0.02857005746016772
750,7,P3,2023-09-30 21:48:49.729729,3,0.15068558445139382
751,3,P3,2023-10-01 06:33:30.810810,2,0.15378455642152822
752,23,P2,2023-10-01 15:18:11.891891,4,0.131708103134011
753,18,P4,2023-10-02 00:02:52.972972,1,0.15322318655911726
754,38,P2,2023-10-02 08:47:34.054054,4,0.16918428793554643
755,99,P2,2023-10-02 17:32:15.135135,2,
756,15,P1,2023-10-03 02:16:56.216216,4,0.017720942793935813
757,64,P1,2023-10-03 11:01:37.297297,3,0.09752556193344218
758,89,P4,2023-10-03 19:46:18.378378,1,0.015529866934321013
759,28,P3,2023-10-04 04:30:59.459459,2,0.08150860620648617
760,74,P2,2023-10-04 13:15:40.540540,2,0.08142129782512553
761,39,P4,2023-10-04 22:00:21.621621,2,0.013201968828048317
762,57,P1,2023-10-05 06:45:02.702702,1,0.06976410679389587
763,17,P2,2023-10-05 15:29:43.783783,3,0.02219961975826297
764,86,P3,2023-10-06 00:14:24.864864,2,0.16164704200184443
765,90,P1,2023-10-06 08:59:05.945945,4,0.18953760519289417
766,44,P1,2023-10-06 17:43:47.027027,2,0.014463295051587721
767,25,P1,2023-10-07 02:28:28.108108,2,0.1910230414583403
768,17,P4,2023-10-07 11:13:09.189189,2,0.10451531986734904
769,13,P3,2023-10-07 19:57:50.270270,2,0.05991313559077478
770,84,P2,2023-10-08 04:42:31.351351,3,0.015372415055232702
771,25,P4,2023-10-08 13:27:12.432432,4,0.10012485361408358
772,68,P4,2023-10-08 22:11:53.513513,3,0.15890310889814974
773,10,P4,2023-10-09 06:56:34.594594,4,0.14141729545333964
774,67,P1,2023-10-09 15:41:15.675675,2,0.010045202292794753
775,18,P3,2023-10-10 00:25:56.756756,1,0.014580367073580703
776,100,P4,2023-10-10 09:10:37.837837,3,0.08057465652652743
777,86,P2,2023-10-10 17:55:18.918918,1,0.059058098809588656
778,34,P3,2023-10-11 02:40:00.000000,3,0.04647686461120957
779,8,P2,2023-10-11 11:24:41.081081,2,0.056200899781742725
780,40,P3,2023-10-11 20:09:22.162162,3,0.16069654865937694
781,83,P2,2023-10-12 04:54:03.243243,2,
782,42,P1,2023-10-12 13:38:44.324324,3,0.08102053890551329
783,41,P4,2023-10-12 22:23:25.405405,2,0.18122220042649942
784,6,P2,2023-10-13 07:08:06.486486,2,0.06429914024957639
785,52,P3,2023-10-13 15:52:47.567567,4,0.09528739726875833
786,26,P4,2023-10-14 00:37:28.648648,2,0.04520579956319995
787,64,P4,2023-10-14 09:22:09.729729,4,0.1280952084351688
788,98,P3,2023-10-14 18:06:50.810810,2,0.1957962230349618
789,59,P2,2023-10-15 02:51:31.891891,1,0.12069861920867574
790,56,P1,2023-10-15 11:36:12.972972,2,0.07156281682270978
791,59,P1,2023-10-15 20:20:54.054054,1,0.12956348919810567
792,70,P2,2023-10-16 05:05:35.135135,1,0.024584135693077516
793,33,P4,2023-10-16 13:50:16.216216,2,0.17773181605307975
794,53,P4,2023-10-16 22:34:57.297297,1,0.10061679015596728
795,22,P4,2023-10-17 07:19:38.378378,4,0.08986994840792842
796,21,P4,2023-10-17 16:04:19.459459,3,0.11717295769070385
797,70,P2,2023-10-18 00:49:00.540540,2,0.1249567725578805
798,70,P4,2023-10-18 09:33:41.621621,1,0.014355161245302606
799,4,P3,2023-10-18 18:18:22.702702,2,0.1365234442446805
800,94,P4,2023-10-19 03:03:03.783783,4,0.04838633606310592
801,75,P1,2023-10-19 11:47:44.864864,2,0.14279052650131796
802,62,P4,2023-10-19 20:32:25.945945,2,0.16450695887683936
803,62,P2,2023-10-20 05:17:07.027027,1,0.16079170151050406
804,94,P1,2023-10-20 14:01:48.108108,4,0.11050019348157783
805,95,P2,2023-10-20 22:46:29.189189,3,0.10403397846215023
806,24,P2,2023-10-21 07:31:10.270270,3,0.028575192267882344
807,55,P1,2023-10-21 16:15:51.351351,1,0.15506923008062712
808,9,P2,2023-10-22 01:00:32.432432,2,0.05428187608934287
809,3,P2,2023-10-22 09:45:13.513513,1,0.09933908456358931
810,31,P4,2023-10-22 18:29:54.594594,1,0.05685481858550334
811,40,P3,2023-10-23 03:14:35.675675,1,0.02676567259993863
812,36,P2,2023-10-23 11:59:16.756756,2,0.12591153937834731
813,24,P2,2023-10-23 20:43:57.837837,4,0.010866406964580766
814,95,P2,2023-10-24 05:28:38.918918,1,0.14972904682524
815,6,P4,2023-10-24 14:13:20.000000,2,0.06351735905222333
816,66,P3,2023-10-24 22:58:01.081081,4,2.6938600897064015e-05
817,84,P1,2023-10-25 07:42:42.162162,1,0.10222582784744597
818,92,P4,2023-10-25 16:27:23.243243,3,0.009370381705520625
819,75,P4,2023-10-26 01:12:04.324324,4,0.055233911564179894
820,4,P3,2023-10-26 09:56:45.405405,1,0.14139529749114324
821,79,P3,2023-10-26 18:41:26.486486,4,0.012537924324373173
822,6,P4,2023-10-27 03:26:07.567567,4,0.16786769847120048
823,94,P1,2023-10-27 12:10:48.648648,4,0.0007639845317166217
824,51,P4,2023-10-27 20:55:29.729729,4,0.04936477384038045
825,62,P3,2023-10-28 05:40:10.810810,4,0.1481808112304143
826,57,P1,2023-10-28 14:24:51.891891,4,0.06325402994586136
827,66,P3,2023-10-28 23:09:32.972972,1,0.020378477613202706
828,79,P1,2023-10-29 07:54:14.054054,3,0.07204678376008558
829,75,P2,2023-10-29 16:38:55.135135,2,0.05407865727690511
830,8,P3,2023-10-30 01:23:36.216216,4,0.168542380432111
831,26,P3,2023-10-30 10:08:17.297297,2,0.06266958351702863
832,51,P4,2023-10-30 18:52:58.378378,1,0.15778649435520145
833,45,P3,2023-10-31 03:37:39.459459,4,0.17837442896214695
834,44,P3,2023-10-31 12:22:20.540540,3,0.08676348391530592
835,5,P2,2023-10-31 21:07:01.621621,2,0.1819886287708784
836,70,P3,2023-11-01 05:51:42.702702,4,0.07546361079263858
837,26,P2,2023-11-01 14:36:23.783783,1,0.19281568329802165
838,68,P2,2023-11-01 23:21:04.864864,3,0.017857904905114585
839,19,P2,2023-11-02 08:05:45.945945,2,0.13740385330064855
840,84,P2,2023-11-02 16:50:27.027027,2,0.09876280809138574
841,97,P1,2023-11-03 01:35:08.108108,4,0.07752976109112941
842,20,P4,2023-11-03 10:19:49.189189,3,0.1265423757497202
843,12,P1,2023-11-03 19:04:30.270270,3,0.14077141832686624
844,47,P3,2023-11-04 03:49:11.351351,3,0.0008726539300618175
845,1,P1,2023-11-04 12:33:52.432432,3,0.033390617749439744
846,90,P1,2023-11-04 21:18:33.513513,1,0.14260921012686376
847,14,P3,2023-11-05 06:03:14.594594,3,0.1332770827156413
848,64,P3,2023-11-05 14:47:55.675675,2,0.19320950102573545
849,38,P3,2023-11-05 23:32:36.756756,2,
850,37,P1,2023-11-06 08:17:17.837837,1,0.19015454154626762
851,11,P1,2023-11-06 17:01:58.918918,2,0.1405081003069614
852,100,P3,2023-11-07 01:46:40.000000,2,0.05961044172788863
853,77,P4,2023-11-07 10:31:21.081081,3,0.021072984450171296
854,3,P4,2023-11-07 19:16:02.162162,2,0.15636477266898713
855,33,P2,2023-11-08 04:00:43.243243,1,0.12882984429518318
856,6,P3,2023-11-08 12:45:24.324324,3,0.009637202478659247
857,50,P2,2023-11-08 21:30:05.405405,4,0.07201009318019568
858,10,P4,2023-11-09 06:14:46.486486,3,0.19135996309685724
859,5,P2,2023-11-09 14:59:27.567567,1,0.10008022914204025
860,23,P3,2023-11-09 23:44:08.648648,3,0.08654582720394094
861,10,P3,2023-11-10 08:28:49.729729,3,0.0915399210318588
862,44,P3,2023-11-10 17:13:30.810810,1,0.041776544801032746
863,2,P1,2023-11-11 01:58:11.891891,3,0.07374143417295904
864,13,P2,2023-11-11 10:42:52.972972,1,0.07396265119743532
865,40,P4,2023-11-11 19:27:34.054054,1,0.01047100403749448
866,2,P4,2023-11-12 04:12:15.135135,4,0.15351352570358368
867,84,P4,2023-11-12 12:56:56.216216,2,0.0833008863807758
868,65,P1,2023-11-12 21:41:37.297297,2,0.16443597736328466
869,63,P1,2023-11-13 06:26:18.378378,3,0.1700696002239791
870,73,P3,2023-11-13 15:10:59.459459,3,0.042398810939731614
871,17,P4,2023-11-13 23:55:40.540540,4,0.13147069643402573
872,9,P1,2023-11-14 08:40:21.621621,4,0.09445636083259634
873,75,P3,2023-11-14 17:25:02.702702,4,0.17603134758429703
874,15,P4,2023-11-15 02:09:43.783783,1,
875,24,P2,2023-11-15 10:54:24.864864,4,0.13556264006200885
876,38,P3,2023-11-15 19:39:05.945945,4,0.12155042445054452
877,35,P1,2023-11-16 04:23:47.027027,3,0.05906029551436656
878,94,P1,2023-11-16 13:08:28.108108,4,0.027320180730234525
879,95,P3,2023-11-16 21:53:09.189189,1,0.1303279520954553
880,49,P3,2023-11-17 06:37:50.270270,1,0.14771949162646614
881,69,P1,2023-11-17 15:22:31.351351,3,0.06312546875267
882,62,P2,2023-11-18 00:07:12.432432,4,0.12896652080446278
883,60,P4,2023-11-18 08:51:53.513513,4,0.07902618152230066
884,50,P2,2023-11-18 17:36:34.594594,1,0.14264137665652354
885,78,P3,2023-11-19 02:21:15.675675,4,0.039843054978810626
886,75,P2,2023-11-19 11:05:56.756756,4,0.17804300052723487
887,9,P1,2023-11-19 19:50:37.837837,4,0.05748191929311595
888,34,P3,2023-11-20 04:35:18.918918,2,0.07355719755123058
889,76,P4,2023-11-20 13:20:00.000000,3,0.011618390416069957
890,99,P1,2023-11-20 22:04:41.081081,2,0.02230244246425528
891,35,P1,2023-11-21 06:49:22.162162,3,0.10317238054246564
892,1,P4,2023-11-21 15:34:03.243243,1,0.0535185353455943
893,40,P4,2023-11-22 00:18:44.324324,4,0.1670960451484389
894,64,P2,2023-11-22 09:03:25.405405,3,0.0029386777309907686
895,22,P3,2023-11-22 17:48:06.486486,2,0.07581880973438725
896,60,P4,2023-11-23 02:32:47.567567,4,0.06746910935381854
897,64,P4,2023-11-23 11:17:28.648648,1,
898,93,P3,2023-11-23 20:02:09.729729,3,0.024873679800102046
899,72,P4,2023-11-24 04:46:50.810810,3,
900,11,P4,2023-11-24 13:31:31.891891,3,0.09857291688948933
901,14,P2,2023-11-24 22:16:12.972972,4,0.08085794945097383
902,60,P1,2023-11-25 07:00:54.054054,2,0.10618753568241877
903,30,P1,2023-11-25 15:45:35.135135,2,0.11902633498113631
904,35,P1,2023-11-26 00:30:16.216216,3,0.001984764225567126
905,85,P1,2023-11-26 09:14:57.297297,1,0.09281903189070079
906,37,P4,2023-11-26 17:59:38.378378,1,0.19269984817751767
907,5,P3,2023-11-27 02:44:19.459459,2,0.10380645602590975
908,83,P3,2023-11-27 11:29:00.540540,1,0.13550845349179064
909,78,P2,2023-11-27 20:13:41.621621,2,0.062372771583376646
910,26,P2,2023-11-28 04:58:22.702702,3,0.1547982756305525
911,62,P4,2023-11-28 13:43:03.783783,2,0.15458429637522303
912,4,P3,2023-11-28 22:27:44.864864,2,0.10425920953082779
913,89,P3,2023-11-29 07:12:25.945945,3,0.19520276465584274
914,42,P1,2023-11-29 15:57:07.027027,1,0.02511004295253068
915,89,P4,2023-11-30 00:41:48.108108,2,0.0033895329779161988
916,18,P4,2023-11-30 09:26:29.189189,2,0.1540316423514192
917,40,P1,2023-11-30 18:11:10.270270,3,0.1614311074729765
918,72,P4,2023-12-01 02:55:51.351351,1,0.02404144582411525
919,39,P4,2023-12-01 11:40:32.432432,2,0.05311656659172122
920,14,P2,2023-12-01 20:25:13.513513,3,0.003510472673325782
921,32,P3,2023-12-02 05:09:54.594594,2,0.05866172215611294
922,51,P4,2023-12-02 13:54:35.675675,4,0.1546283747837343
923,38,P2,2023-12-02 22:39:16.756756,3,0.1035921055425158
924,97,P3,2023-12-03 07:23:57.837837,1,0.06961911863365762
925,23,P1,2023-12-03 16:08:38.918918,1,0.07434785898126606
926,63,P2,2023-12-04 00:53:20.000000,1,0.00027072514309363084
927,15,P2,2023-12-04 09:38:01.081081,1,0.05996010551304718
928,97,P3,2023-12-04 18:22:42.162162,2,0.1292917483275861
929,25,P1,2023-12-05 03:07:23.243243,2,0.19483888876327143
930,17,P2,2023-12-05 11:52:04.324324,1,0.16941216539677992
931,97,P4,2023-12-05 20:36:45.405405,1,0.004718992929105825
932,66,P4,2023-12-06 05:21:26.486486,1,0.17971212093496788
933,78,P4,2023-12-06 14:06:07.567567,2,0.1566396826597252
934,53,P1,2023-12-06 22:50:48.648648,1,0.1560752247141961
935,51,P2,2023-12-07 07:35:29.729729,1,0.0915991518007143
936,39,P4,2023-12-07 16:20:10.810810,4,0.07960105859090057
937,51,P1,2023-12-08 01:04:51.891891,4,0.06058314576663853
938,70,P4,2023-12-08 09:49:32.972972,1,0.013138971790873156
939,6,P3,2023-12-08 18:34:14.054054,3,0.04564707269873983
940,67,P2,2023-12-09 03:18:55.135135,1,0.04932072699560493
941,7,P2,2023-12-09 12:03:36.216216,4,
942,51,P1,2023-12-09 20:48:17.297297,3,0.1494888813193388
943,72,P1,2023-12-10 05:32:58.378378,3,0.09476196567958933
944,42,P2,2023-12-10 14:17:39.459459,1,0.011568889889432122
945,64,P4,2023-12-10 23:02:20.540540,4,0.1915579601976408
946,15,P4,2023-12-11 07:47:01.621621,4,0.18854486381882246
947,29,P3,2023-12-11 16:31:42.702702,3,0.1570379086296817
948,33,P4,2023-12-12 01:16:23.783783,1,0.19826558031284414
949,94,P1,2023-12-12 10:01:04.864864,2,0.10889646656005258
950,27,P1,2023-12-12 18:45:45.945945,2,0.19255367005064122
951,36,P4,2023-12-13 03:30:27.027027,4,0.015121008123350155
952,29,P1,2023-12-13 12:15:08.108108,2,0.07313614965227426
953,38,P2,2023-12-13 20:59:49.189189,4,0.04507625360135317
954,57,P2,2023-12-14 05:44:30.270270,4,0.03916661682685401
955,97,P4,2023-12-14 14:29:11.351351,4,0.02816058977853522
956,27,P2,2023-12-14 23:13:52.432432,2,0.12448272831319934
957,55,P2,2023-12-15 07:58:33.513513,4,0.156264371149461
958,33,P3,2023-12-15 16:43:14.594594,3,0.11565967988407214
959,68,P3,2023-12-16 01:27:55.675675,1,0.029392541917641936
960,86,P2,2023-12-16 10:12:36.756756,1,0.1622247539866942
961,66,P4,2023-12-16 18:57:17.837837,4,0.1271909414327457
962,10,P3,2023-12-17 03:41:58.918918,1,0.0776331412253991
963,5,P1,2023-12-17 12:26:40.000000,2,0.1348260591072126
964,74,P1,2023-12-17 21:11:21.081081,2,0.05198099584856657
965,97,P1,2023-12-18 05:56:02.162162,1,0.0690384416988421
966,38,P4,2023-12-18 14:40:43.243243,2,0.18349716862639806
967,13,P2,2023-12-18 23:25:24.324324,1,0.05810090113428408
968,31,P1,2023-12-19 08:10:05.405405,1,0.09399765363158732
969,47,P4,2023-12-19 16:54:46.486486,1,0.17802822747920294
970,100,P3,2023-12-20 01:39:27.567567,4,0.1415442700535055
971,88,P2,2023-12-20 10:24:08.648648,1,0.01244064523294055
972,52,P3,2023-12-20 19:08:49.729729,4,0.02946060885579407
973,56,P4,2023-12-21 03:53:30.810810,1,0.0015683181543833637
974,15,P1,2023-12-21 12:38:11.891891,1,
975,29,P1,2023-12-21 21:22:52.972972,1,0.08953468508208368
976,8,P4,2023-12-22 06:07:34.054054,2,0.026854970180455108
977,5,P1,2023-12-22 14:52:15.135135,4,0.1915868242113541
978,29,P2,2023-12-22 23:36:56.216216,4,0.10593194478912399
979,47,P4,2023-12-23 08:21:37.297297,1,0.04837865882257784
980,68,P3,2023-12-23 17:06:18.378378,1,0.10012071423094152
981,76,P4,2023-12-24 01:50:59.459459,2,0.13592406654702158
982,45,P2,2023-12-24 10:35:40.540540,2,0.015247843594712896
983,2,P2,2023-12-24 19:20:21.621621,2,0.0549407630095784
984,27,P4,2023-12-25 04:05:02.702702,4,0.16139309817679873
985,95,P4,2023-12-25 12:49:43.783783,4,0.09193297408053225
986,36,P1,2023-12-25 21:34:24.864864,4,0.10931542840645898
987,36,P2,2023-12-26 06:19:05.945945,1,0.08656320044189386
988,26,P4,2023-12-26 15:03:47.027027,4,0.008779988528601025
989,43,P4,2023-12-26 23:48:28.108108,3,0.03314995596403119
990,27,P2,2023-12-27 08:33:09.189189,3,0.08910832774837818
991,69,P4,2023-12-27 17:17:50.270270,2,0.041837093081585564
992,20,P1,2023-12-28 02:02:31.351351,4,0.009995805731935748
993,11,P2,2023-12-28 10:47:12.432432,3,0.16872993281036475
994,74,P1,2023-12-28 19:31:53.513513,2,0.19623850583282318
995,38,P1,2023-12-29 04:16:34.594594,4,0.1586285747993479
996,6,P1,2023-12-29 13:01:15.675675,1,0.17075698434093342
997,72,P1,2023-12-29 21:45:56.756756,3,0.048395426063409075
998,23,P2,2023-12-30 06:30:37.837837,1,0.19212539510263996
999,47,P1,2023-12-30 15:15:18.918918,4,0.03938514089068568
1000,90,P1,2023-12-31 00:00:00.000000,3,0.19028596207236648
